District code,State name,District name,Population,Male,Female,Hindus,Muslims,Christians,Sikhs,Buddhists,Jains,Illiterate_Education,Age not stated,literate education,age 0-29,age 30-49,age 50>
1,JAMMU AND KASHMIR,Kupwara,870354,474190,396164,37128,823286,1700,5600,66,39,289765,1481,580589,600759,178435,89679
2,JAMMU AND KASHMIR,Badgam,753745,398041,355704,10110,736054,1489,5559,47,6,342646,611,411099,503223,160933,88978
3,JAMMU AND KASHMIR,Leh(Ladakh),133487,78971,54516,22882,19057,658,1092,88635,103,32637,250,100850,70703,41515,21019
4,JAMMU AND KASHMIR,Kargil,140802,77785,63017,10341,108239,604,1171,20126,28,39854,221,100948,87532,35561,17488
5,JAMMU AND KASHMIR,Punch,476835,251899,224936,32604,431279,958,11188,83,10,164044,704,312791,304979,109818,61334
6,JAMMU AND KASHMIR,Rajouri,642415,345351,297064,221880,402879,983,15513,189,26,242306,1028,400109,404903,153165,83319
7,JAMMU AND KASHMIR,Kathua,616435,326109,290326,540063,64234,1828,9551,24,16,181297,764,435138,357864,160123,97684
8,JAMMU AND KASHMIR,Baramula,1008039,534733,473306,30621,959185,1497,14770,140,29,350119,1343,657920,636524,239659,130513
9,JAMMU AND KASHMIR,Bandipore,392232,207680,184552,8439,382006,572,555,44,17,163648,587,228584,252378,90465,48802
10,JAMMU AND KASHMIR,Srinagar,1236829,651124,585705,42540,1177342,2746,12187,285,74,310225,1700,926604,693238,351561,190330
11,JAMMU AND KASHMIR,Ganderbal,297446,158720,138726,5592,290581,406,486,25,8,116734,425,180712,194165,66945,35911
12,JAMMU AND KASHMIR,Pulwama,560440,293064,267376,13840,535159,1109,9440,35,6,190369,696,370071,342601,137032,80111
13,JAMMU AND KASHMIR,Shupiyan,266215,136480,129735,3116,262263,429,178,6,1,107053,219,159162,170086,60752,35158
14,JAMMU AND KASHMIR,Anantnag,1078692,559767,518925,13180,1057005,1449,6140,55,7,337265,1040,741427,704145,239988,133519
15,JAMMU AND KASHMIR,Kulgam,424483,217620,206863,4267,418076,460,1035,27,25,175199,502,249284,266858,99870,57253
16,JAMMU AND KASHMIR,Doda,409936,213641,196295,187621,220614,472,422,21,22,163565,427,246371,263576,93189,52744
17,JAMMU AND KASHMIR,Ramban,283713,149132,134581,81026,200516,414,753,43,3,141812,363,141901,188526,61604,33220
18,JAMMU AND KASHMIR,Kishtwar,230696,120165,110531,93931,133225,277,450,2094,3,101166,266,129530,145931,53415,31084
19,JAMMU AND KASHMIR,Udhampur,554985,296784,258201,489044,59771,1962,3418,106,57,194838,298,360147,339145,140785,74757
20,JAMMU AND KASHMIR,Reasi,314667,166461,148206,153898,156275,1208,3107,15,7,143293,190,171374,203967,70767,39743
21,JAMMU AND KASHMIR,Jammu,1529958,813821,716137,1289240,107489,12104,114272,470,1987,268279,1651,1261679,816827,435895,275585
22,JAMMU AND KASHMIR,Samba,318898,169124,149774,275311,22950,2306,17961,48,16,65643,353,253255,177277,88246,53022
23,HIMACHAL PRADESH,Chamba,519080,261320,257760,479782,32455,1559,2745,1740,57,154575,353,364505,306555,130606,81566
24,HIMACHAL PRADESH,Kangra,1510075,750591,759484,1461140,19797,3023,8929,14511,194,271892,4902,1238183,766581,419172,319420
25,HIMACHAL PRADESH,Lahul AND Spiti,31564,16588,14976,11649,74,212,35,19572,3,6515,255,25049,15928,9181,6200
26,HIMACHAL PRADESH,Kullu,437903,225452,212451,415669,2974,1568,1396,15377,94,103136,384,334767,244727,120510,72282
27,HIMACHAL PRADESH,Mandi,999777,498065,501712,981412,9460,876,4081,2628,43,218570,1510,781207,524285,279321,194661
28,HIMACHAL PRADESH,Hamirpur,454768,217070,237698,449412,3711,243,591,95,293,72551,142,382217,224044,123941,106641
29,HIMACHAL PRADESH,Una,521173,263692,257481,480138,14275,390,26009,56,70,87735,241,433438,273223,142351,105358
30,HIMACHAL PRADESH,Bilaspur,381956,192764,189192,371973,6984,236,2387,113,10,65864,421,316092,193671,107367,80497
31,HIMACHAL PRADESH,Solan,580320,308754,271566,548579,14678,1452,13926,574,591,104084,811,476236,321533,167168,90808
32,HIMACHAL PRADESH,Sirmaur,529855,276289,253566,476830,33215,577,15501,2645,236,140486,301,389369,310244,136839,82471
33,HIMACHAL PRADESH,Shimla,814010,425039,388971,791449,11810,2025,4047,3262,185,137576,756,676434,425721,241956,145577
34,HIMACHAL PRADESH,Kinnaur,84121,46249,37872,64732,448,485,249,18086,29,16944,87,67177,42360,26599,15075
35,PUNJAB,Gurdaspur,2298323,1212617,1085706,1074332,27667,176587,1002874,405,580,478020,2248,1820303,1261421,611353,423301
36,PUNJAB,Kapurthala,815168,426311,388857,336124,10190,5445,453692,6662,553,174995,1680,640173,433331,222324,157833
37,PUNJAB,Jalandhar,2193590,1145211,1048379,1394329,30233,26016,718363,11385,4011,387809,1554,1805781,1159156,616431,416449
38,PUNJAB,Hoshiarpur,1586625,809057,777568,1000743,23089,14968,538208,3476,2034,294723,1431,1291902,831741,422782,330671
39,PUNJAB,Shahid Bhagat Singh Nagar,612310,313291,299019,401368,6829,1479,192885,5885,695,133275,2098,479035,318597,163305,128310
40,PUNJAB,Fatehgarh Sahib,600163,320795,279368,152851,16808,1698,427521,48,178,142314,1336,457849,321018,166781,111028
41,PUNJAB,Ludhiana,3498739,1867816,1630923,1502403,77713,16517,1863408,2007,19620,631980,2907,2866759,1901528,980046,614258
42,PUNJAB,Moga,995746,525920,469826,158414,9388,3277,818921,178,436,306336,6744,689410,535408,258826,194768
43,PUNJAB,Firozpur,2029074,1071637,957437,906408,6844,19358,1090815,454,1143,714869,586,1314205,1171770,525459,331259
44,PUNJAB,Muktsar,901896,475622,426274,254920,4333,1681,638625,240,744,340886,1804,561010,495167,242628,162297
45,PUNJAB,Faridkot,617508,326671,290837,141363,3125,1227,469789,155,1109,204895,2285,412613,336540,164962,113721
46,PUNJAB,Bathinda,1388525,743197,645328,380569,16299,2474,984286,246,1266,438529,608,949996,754927,377707,255283
47,PUNJAB,Mansa,769751,408732,361019,156539,10375,917,598443,123,1577,311513,2716,458238,420050,200882,146103
48,PUNJAB,Patiala,1895686,1002522,893164,783306,40043,5683,1059944,245,1914,518772,988,1376914,1042519,517079,335100
49,PUNJAB,Amritsar,2490656,1318408,1172248,690939,12502,54344,1716935,876,3152,540010,1980,1950646,1384987,667193,436496
50,PUNJAB,Tarn Taran,1119627,589369,530258,60504,3855,6095,1044903,101,650,381879,3209,737748,641875,283645,190898
51,PUNJAB,Rupnagar,684627,357485,327142,304481,14492,2094,361045,118,653,124100,2196,560527,365300,185424,131707
52,PUNJAB,Sahibzada Ajit Singh Nagar,994628,529253,465375,476276,29488,5342,478908,257,1257,172226,638,822402,540872,281462,171656
53,PUNJAB,Sangrur,1655169,878029,777140,389410,179116,2406,1077438,268,3222,570103,4084,1085066,904316,435148,311621
54,PUNJAB,Barnala,595527,317522,278005,112859,13100,622,467751,108,246,212388,430,383139,322607,158413,114077
55,CHANDIGARH,Chandigarh,1055450,580663,474787,852574,51447,8720,138329,1160,1960,184265,346,871185,602411,303748,148945
56,UTTARAKHAND,Uttarkashi,330086,168597,161489,324859,3554,353,167,563,74,83896,418,246190,202426,75997,51245
57,UTTARAKHAND,Chamoli,391605,193991,197614,385818,4395,428,323,190,11,61950,835,329655,229715,93182,67873
58,UTTARAKHAND,Rudraprayag,242285,114589,127696,240170,1486,171,38,9,4,45428,472,196857,141848,54979,44986
59,UTTARAKHAND,Tehri Garhwal,618931,297986,320945,609835,7374,656,290,32,91,133013,1238,485918,368324,139371,109998
60,UTTARAKHAND,Dehradun,1696694,892199,804495,1424916,202057,13416,36454,11778,5117,296538,5851,1400156,968517,446046,276280
61,UTTARAKHAND,Garhwal,687271,326829,360442,660507,22931,2161,619,58,212,123071,878,564200,380765,160183,145445
62,UTTARAKHAND,Pithoragarh,483439,239306,244133,475105,6015,1401,260,185,13,88036,679,395403,273494,116749,92517
63,UTTARAKHAND,Bageshwar,259898,124326,135572,257509,1440,397,46,102,7,49539,169,210359,147488,60569,51672
64,UTTARAKHAND,Almora,622506,291081,331425,611250,7752,1895,256,201,31,109556,679,512950,351595,141238,128994
65,UTTARAKHAND,Champawat,259648,131125,128523,249563,8693,870,336,24,28,62429,97,197219,156916,60722,41913
66,UTTARAKHAND,Nainital,954605,493666,460939,809717,120742,5091,17419,570,356,166573,1909,788032,562548,243095,147053
67,UTTARAKHAND,Udham Singh Nagar,1648902,858783,790119,1104452,372267,6064,162768,505,738,438598,1695,1210304,1042614,392370,212223
68,UTTARAKHAND,Hardwar,1890422,1005295,885127,1214935,648119,4878,17364,709,2501,580970,1688,1309452,1207120,435385,246229
69,HARYANA,Panchkula,561293,299679,261614,490702,23451,2583,40951,1008,1626,119222,1533,442071,309078,157076,93606
70,HARYANA,Ambala,1128350,598703,529647,955096,22143,3705,138202,381,4845,222031,680,906319,617859,308126,201685
71,HARYANA,Yamunanagar,1214205,646718,567487,984929,138569,3646,84455,161,1555,319428,298,894777,694813,317708,201386
72,HARYANA,Kurukshetra,964655,510976,453679,805175,15970,1943,140395,214,375,266638,1575,698017,552034,250830,160216
73,HARYANA,Kaithal,1074304,571003,503301,974520,8232,1769,87558,265,351,369869,1977,704435,630194,265813,176320
74,HARYANA,Karnal,1505324,797712,707612,1341002,31650,2049,126207,532,1516,429220,5259,1076104,884972,380409,234684
75,HARYANA,Panipat,1205437,646857,558580,1083936,86622,2261,25064,289,4647,296212,354,909225,739075,298764,167244
76,HARYANA,Sonipat,1450001,781299,668702,1390149,45100,1405,4484,336,6033,344813,1266,1105188,855201,360216,233318
77,HARYANA,Jind,1334152,713006,621146,1276669,23016,889,29103,172,2594,419624,885,914528,784085,335704,213478
78,HARYANA,Fatehabad,942011,495360,446651,779243,8360,996,150969,171,1172,344534,1788,597477,555745,237009,147469
79,HARYANA,Sirsa,1295189,682582,612607,940255,9524,2186,338962,370,2256,412353,2432,882836,750228,334344,208185
80,HARYANA,Hisar,1743931,931562,812369,1701061,21650,1945,12270,334,3620,505251,4456,1238680,1017830,456536,265109
81,HARYANA,Bhiwani,1634445,866672,767773,1611031,15515,873,2401,254,1016,459364,2297,1175081,964960,405760,261428
82,HARYANA,Rohtak,1061204,568479,492725,1043887,8185,732,3916,200,3491,248795,424,812409,605741,269354,185685
83,HARYANA,Jhajjar,958405,514667,443738,945693,8247,734,1042,105,645,201028,979,757377,549975,245095,162356
84,HARYANA,Mahendragarh,922088,486665,435423,913251,5660,301,1737,75,644,245602,1438,676486,530000,229392,161258
85,HARYANA,Rewari,900332,474335,425997,889133,5713,701,1804,202,1525,206827,324,693505,518747,230704,150557
86,HARYANA,Gurgaon,1514432,816690,697742,1408801,70842,9725,15097,944,7451,263720,493,1250712,875531,428101,210307
87,HARYANA,Mewat,1089263,571162,518101,221846,862647,1235,592,516,1453,619284,729,469979,790930,186916,110688
88,HARYANA,Faridabad,1809733,966110,843623,1588407,161680,9743,34572,640,4883,346567,1784,1463166,1095602,481318,231029
89,HARYANA,Palwal,1042708,554497,488211,826342,208566,932,3971,345,915,393825,563,648883,684189,224043,133913
90,NCT OF DELHI,North West,3656539,1960922,1695617,3211042,291330,14100,92129,2281,43460,416720,1469,3239819,2138591,1013424,503055
91,NCT OF DELHI,North,887978,475002,412976,726443,119792,7256,19066,1824,13049,125277,363,762701,506601,256501,124513
92,NCT OF DELHI,North East,2241624,1188425,1053199,1529337,657585,9123,17424,2388,24673,257966,2867,1983658,1393078,581016,264663
93,NCT OF DELHI,East,1709346,907500,801846,1410852,178807,15792,53027,2643,46927,169693,1102,1539653,948963,497157,262124
94,NCT OF DELHI,New Delhi,142004,77942,64062,124482,8480,4852,2933,312,679,10098,242,131906,76076,43913,21773
95,NCT OF DELHI,Central,582320,307821,274499,364148,194278,3527,13038,362,5886,87286,689,495034,317650,169533,94448
96,NCT OF DELHI,West,2543243,1356240,1187003,2087294,149807,18337,271752,1993,11322,308139,2610,2235104,1399165,732515,408953
97,NCT OF DELHI,South West,2292958,1246046,1046912,2102743,112691,31226,31692,2784,9215,278832,4119,2014126,1296955,683209,308675
98,NCT OF DELHI,South,2731929,1467428,1264501,2155759,445914,41880,69520,3862,11020,328287,3241,2403642,1588001,785085,355602
99,RAJASTHAN,Ganganagar,1969168,1043340,925828,1437144,50688,2077,474853,938,1988,710223,15584,1258945,1167889,502211,283484
100,RAJASTHAN,Hanumangarh,1774692,931184,843508,1433067,118673,1542,216997,241,1935,723454,21173,1051238,1058044,453114,242361
101,RAJASTHAN,Bikaner,2363937,1240801,1123136,2073356,235741,1901,20072,285,30850,1015331,14634,1348606,1543867,517271,288165
102,RAJASTHAN,Churu,2039547,1051446,988101,1777879,249736,958,402,188,7104,910226,15453,1129321,1293193,458725,272176
103,RAJASTHAN,Jhunjhunun,2137045,1095896,1041149,1905682,228178,1004,275,56,548,712584,14015,1424461,1298780,494124,330126
104,RAJASTHAN,Alwar,3674179,1939026,1735153,3039279,547335,2696,64532,4384,13221,1384905,1321,2289274,2346721,836000,490137
105,RAJASTHAN,Bharatpur,2548462,1355726,1192736,2143046,371286,1576,23456,899,5758,1104824,13458,1443638,1659515,546362,329127
106,RAJASTHAN,Dhaulpur,1206516,653647,552869,1127520,72258,688,1356,92,2739,552106,1084,654410,815651,248416,141365
107,RAJASTHAN,Karauli,1458248,783639,674609,1370977,81553,602,297,70,3424,668926,8345,789322,947173,310688,192042
108,RAJASTHAN,Sawai Madhopur,1335551,704031,631520,1165505,155681,945,812,177,9991,586492,1383,749059,841697,309237,183234
109,RAJASTHAN,Dausa,1634409,857787,776622,1582335,45488,439,296,94,3737,681980,18438,952429,1047136,358718,210117
110,RAJASTHAN,Jaipur,6626178,3468507,3157671,5819980,687452,12708,18782,1020,81079,2046038,4493,4580140,4091148,1646480,884057
111,RAJASTHAN,Sikar,2677333,1374990,1302343,2342076,327583,1122,356,177,4050,967497,18292,1709836,1672813,605002,381226
112,RAJASTHAN,Nagaur,3307743,1696325,1611418,2833443,454487,1912,366,163,12940,1533137,1808,1774606,2088323,754143,463469
113,RAJASTHAN,Jodhpur,3687165,1923928,1763237,3224399,411558,6035,4123,514,36697,1591957,1777,2095208,2359786,836322,489280
114,RAJASTHAN,Jaisalmer,669919,361708,308211,497045,168129,874,1723,98,1521,397649,679,272270,448969,140294,79977
115,RAJASTHAN,Barmer,2603751,1369022,1234729,2244882,321192,1157,450,157,34010,1501858,18524,1101893,1731122,527629,326476
116,RAJASTHAN,Jalor,1828730,936634,892096,1732852,78990,730,231,144,14640,1033534,12257,795196,1176496,390598,249379
117,RAJASTHAN,Sirohi,1036346,534231,502115,996562,30479,1284,572,114,6829,577092,404,459254,649290,244401,142251
118,RAJASTHAN,Pali,2037573,1025422,1012151,1870543,143476,1345,1540,141,18974,983050,18770,1054523,1207983,467436,343384
119,RAJASTHAN,Ajmer,2583052,1324085,1258967,2201663,314159,10605,6799,417,45614,1034334,3984,1548718,1561077,629951,388040
120,RAJASTHAN,Tonk,1421326,728136,693190,1243527,153146,754,378,122,22458,661902,1533,759424,880194,334006,205593
121,RAJASTHAN,Bundi,1110906,577160,533746,1017688,66609,682,11059,144,13455,553622,529,557284,686771,267648,155958
122,RAJASTHAN,Bhilwara,2408523,1220736,1187787,2224839,142427,1978,1468,183,35149,1180456,14570,1228067,1439454,589476,365023
123,RAJASTHAN,Rajsamand,1156597,581339,575258,1105676,33677,759,260,100,14966,544517,665,612080,687165,275099,193668
124,RAJASTHAN,Dungarpur,1388552,696532,692020,1340065,28662,830,240,226,16141,764563,10477,623989,868458,317700,191917
125,RAJASTHAN,Banswara,1797485,907754,889731,1701234,48834,22250,427,138,22613,1040914,21688,756571,1153029,406214,216554
126,RAJASTHAN,Chittaurgarh,1544338,783171,761167,1413163,97855,1274,1515,252,25843,715545,6995,828793,880043,398303,258997
127,RAJASTHAN,Kota,1951014,1021161,929853,1661307,243993,5665,11058,280,25742,588142,2248,1362872,1177474,495896,275396
128,RAJASTHAN,Baran,1222755,633945,588810,1133349,79984,1432,3066,84,2795,545842,1107,676913,762204,286344,173100
129,RAJASTHAN,Jhalawar,1411129,725143,685986,1299751,96164,842,819,46,12488,696680,799,714449,850546,346110,213674
130,RAJASTHAN,Udaipur,3068420,1566801,1501619,2869976,104307,7406,4278,209,78647,1528671,1663,1539749,1876436,739287,451034
131,RAJASTHAN,Pratapgarh,867848,437744,430104,827293,25597,358,72,32,14077,488621,1452,379227,545987,204801,115608
132,UTTAR PRADESH,Saharanpur,3466382,1834106,1632276,1966892,1454052,6523,18627,1937,10208,1279517,34095,2186865,2228689,769736,433862
133,UTTAR PRADESH,Muzaffarnagar,4143512,2193434,1950078,2382914,1711453,6495,18601,1516,16345,1431537,15851,2711975,2671757,911621,544283
134,UTTAR PRADESH,Bijnor,3682713,1921215,1761498,2032081,1585210,6184,50624,1736,2134,1308683,41646,2374030,2404576,786305,450186
135,UTTAR PRADESH,Moradabad,4772006,2503186,2268820,2488265,2248392,13157,7555,1260,2426,2097292,89676,2674714,3168270,988486,525574
136,UTTAR PRADESH,Rampur,2335819,1223889,1111930,1073890,1181337,9201,65316,384,1307,1235413,9619,1100406,1576123,491164,258913
137,UTTAR PRADESH,Jyotiba Phule Nagar,1840221,963449,876772,1075440,750368,5952,5295,189,517,520215,5814,1320006,1227283,391275,215849
138,UTTAR PRADESH,Meerut,3443689,1825743,1617946,2183255,1185643,10582,24912,1855,18544,990312,46270,2453377,2165117,780475,451827
139,UTTAR PRADESH,Baghpat,1303048,700070,602978,917474,364583,1840,483,161,16139,376700,8084,926348,817140,283276,194548
140,UTTAR PRADESH,Ghaziabad,4681645,2488834,2192811,3414427,1186776,19026,23001,3487,16412,885070,90742,3796575,2891069,1139871,559963
141,UTTAR PRADESH,Gautam Buddha Nagar,1648115,890214,757901,1394025,215500,7366,9261,895,4518,342284,40638,1305831,1015648,402967,188862
142,UTTAR PRADESH,Bulandshahr,3499171,1845260,1653911,2707195,777407,4088,2765,669,1572,1185318,26160,2313853,2246254,753949,472808
143,UTTAR PRADESH,Aligarh,3673889,1951996,1721893,2904140,729283,7635,5875,2582,2805,1352181,35525,2321708,2378289,787408,472667
144,UTTAR PRADESH,Mahamaya Nagar,1564708,836127,728581,1397225,159448,1350,524,424,1289,430814,4331,1133894,1011157,339137,210083
145,UTTAR PRADESH,Mathura,2547184,1367125,1180059,2310776,216933,3179,2872,883,2056,691359,82906,1855825,1600686,535738,327854
146,UTTAR PRADESH,Agra,4418797,2364953,2053844,3922718,411313,10076,12057,4049,21508,963202,7766,3455595,2871903,991255,547873
147,UTTAR PRADESH,Firozabad,2498156,1332046,1166110,2140745,314812,3370,1804,3395,19077,672115,20583,1826041,1621154,543730,312689
148,UTTAR PRADESH,Mainpuri,1868529,993377,875152,1746649,100723,1729,475,8814,4161,519493,6910,1349036,1193660,402321,265638
149,UTTAR PRADESH,Budaun,3681896,1967759,1714137,2867707,790515,6320,1135,1959,678,1946345,73243,1735551,2436051,748408,424194
150,UTTAR PRADESH,Bareilly,4448359,2357665,2090694,2830768,1536534,14822,28187,4371,931,1744527,88020,2703832,2893965,952233,514141
151,UTTAR PRADESH,Pilibhit,2031007,1072002,959005,1449007,489686,3510,84787,360,138,977839,4582,1053168,1320476,449673,256276
152,UTTAR PRADESH,Shahjahanpur,3006538,1606403,1400135,2412595,527581,4630,51090,2312,301,1324615,24321,1681923,1961237,652237,368743
153,UTTAR PRADESH,Kheri,4021243,2123187,1898056,3078262,807600,7502,94388,18454,487,1833578,31203,2187665,2582597,896611,510832
154,UTTAR PRADESH,Sitapur,4483992,2375264,2108728,3555450,893725,6579,11611,2663,1410,2141696,32304,2342296,2862383,1000987,588318
155,UTTAR PRADESH,Hardoi,4092845,2191442,1901403,3508131,556219,5822,5688,6671,446,1481604,29187,2611241,2598364,905306,559988
156,UTTAR PRADESH,Unnao,3108367,1630087,1478280,2732016,363453,3574,1204,920,240,1130103,54348,1978264,1893706,706851,453462
157,UTTAR PRADESH,Lucknow,4589838,2394476,2195362,3537787,985070,20493,23883,3877,4975,1146880,64605,3442958,2678289,1161686,685258
158,UTTAR PRADESH,Rae Bareli,3405559,1752542,1653017,2975998,413243,3634,2424,722,397,1286726,6386,2118833,2116007,776583,506583
159,UTTAR PRADESH,Farrukhabad,1885204,1006240,878964,1596278,276846,3137,3160,3161,487,710960,2672,1174244,1224584,411153,246795
160,UTTAR PRADESH,Kannauj,1656616,881776,774840,1375788,273967,1263,504,2033,606,543034,2137,1113582,1069916,361028,223535
161,UTTAR PRADESH,Etawah,1581810,845856,735954,1457892,113961,1362,1045,1733,3917,397708,2365,1184102,979633,362026,237786
162,UTTAR PRADESH,Auraiya,1379545,740040,639505,1273546,101963,1004,371,332,228,276224,392,1103321,856336,320763,202054
163,UTTAR PRADESH,Kanpur Dehat,1796184,963255,832929,1612968,176327,1300,478,819,155,475166,3174,1321018,1100820,415918,276272
164,UTTAR PRADESH,Kanpur Nagar,4581268,2459806,2121462,3792174,720660,15751,29676,2733,5710,676306,9508,3904962,2630411,1209554,731795
165,UTTAR PRADESH,Jalaun,1689974,906092,783882,1509708,171581,1148,463,2875,256,461666,2113,1228308,1002817,410090,274954
166,UTTAR PRADESH,Jhansi,1998603,1057436,941167,1823930,147842,7050,4951,1203,7328,483088,8243,1515515,1171301,510728,308331
167,UTTAR PRADESH,Lalitpur,1221592,641011,580581,1163804,33724,1351,1034,69,20390,509536,3295,712056,793551,265080,159666
168,UTTAR PRADESH,Hamirpur,1104285,593537,510748,1010014,91269,814,196,74,41,364848,2034,739437,660774,260368,181109
169,UTTAR PRADESH,Mahoba,875958,466358,409600,815142,57454,965,389,94,234,403649,10104,472309,527067,201394,137393
170,UTTAR PRADESH,Banda,1799410,965876,833534,1637549,157612,1367,231,168,916,588025,5141,1211385,1120432,408527,265310
171,UTTAR PRADESH,Chitrakoot,991730,527721,464009,955372,34559,693,63,101,285,383908,2787,607822,638046,214228,136669
172,UTTAR PRADESH,Fatehpur,2632733,1384722,1248011,2274674,350700,2201,402,172,199,895178,8525,1737555,1624830,603831,395547
173,UTTAR PRADESH,Pratapgarh,3209141,1606085,1603056,2731351,452394,3920,1451,7795,746,1059636,10748,2149505,2002569,703727,492097
174,UTTAR PRADESH,Kaushambi,1599596,838485,761111,1372381,220423,2225,522,687,545,670750,18540,928846,1034099,336401,210556
175,UTTAR PRADESH,Allahabad,5954391,3131807,2822584,5102041,796756,13782,4377,4391,2247,1756098,36626,4198293,3764404,1335224,818137
176,UTTAR PRADESH,Bara Banki,3260699,1707073,1553626,2505444,737106,4857,2090,1553,3016,1540841,62601,1719858,2043335,709494,445269
177,UTTAR PRADESH,Faizabad,2470996,1259628,1211368,2094271,365806,3225,1912,737,358,981915,25684,1489081,1534832,543148,367332
178,UTTAR PRADESH,Ambedkar Nagar,2397888,1212410,1185478,1985654,401678,2536,869,1817,235,813502,15931,1584386,1499494,515229,367234
179,UTTAR PRADESH,Sultanpur,3797117,1914586,1882531,3119590,650261,4453,1629,9989,426,1118891,11856,2678226,2376875,828222,580164
180,UTTAR PRADESH,Bahraich,3487731,1843884,1643847,2291892,1169330,6400,8212,2793,1177,1920966,11397,1566765,2275746,754346,446242
181,UTTAR PRADESH,Shrawasti,1117361,593897,523464,768643,343981,1427,407,323,68,701550,4841,415811,723443,245098,143979
182,UTTAR PRADESH,Balrampur,2148665,1114721,1033944,1333242,805975,3228,900,1866,198,1332817,7166,815848,1415213,442339,283947
183,UTTAR PRADESH,Gonda,3433919,1787146,1646773,2739076,678615,4735,1893,649,338,1620782,11354,1813137,2223078,734903,464584
184,UTTAR PRADESH,Siddharthnagar,2559297,1295095,1264202,1789704,748073,3042,681,11964,179,1217027,4922,1342270,1690396,504002,359977
185,UTTAR PRADESH,Basti,2464464,1255272,1209192,2082976,364510,3493,900,9753,107,1021192,7271,1443272,1574037,519265,363891
186,UTTAR PRADESH,Sant Kabir Nagar,1715183,869656,845527,1300586,404410,1766,447,4393,95,683053,3918,1032130,1108368,352395,250502
187,UTTAR PRADESH,Mahrajganj,2684703,1381754,1302949,2196884,458650,3527,1381,16030,243,1252595,24523,1432108,1694493,595114,370573
188,UTTAR PRADESH,Gorakhpur,4440895,2277777,2163118,4009037,403847,9662,2123,2848,460,1453960,33474,2986935,2755630,992114,659677
189,UTTAR PRADESH,Kushinagar,3564544,1818055,1746489,2928462,620244,5006,767,4619,383,1550315,54552,2014229,2236842,772777,500373
190,UTTAR PRADESH,Deoria,3100946,1537436,1563510,2730957,358539,3626,818,1182,209,1130108,8683,1970838,1946336,664708,481219
191,UTTAR PRADESH,Azamgarh,4613913,2285004,2328909,3878626,718692,3810,719,5652,183,1218146,17840,3395767,2930243,965876,699954
192,UTTAR PRADESH,Mau,2205968,1114709,1091259,1769937,428555,2109,340,564,155,659237,12627,1546731,1402738,467343,323260
193,UTTAR PRADESH,Ballia,3239774,1672902,1566872,3004240,213440,4463,892,1595,233,1032533,36850,2207241,1975934,724362,502628
194,UTTAR PRADESH,Jaunpur,4494204,2220465,2273739,3981502,483750,4947,1286,7898,349,1344789,50746,3149415,2826453,927026,689979
195,UTTAR PRADESH,Ghazipur,3620268,1855075,1765193,3233790,368153,4181,810,3145,213,1008996,55272,2611272,2234593,774130,556273
196,UTTAR PRADESH,Chandauli,1952756,1017905,934851,1727869,215081,2153,1389,340,100,543247,5294,1409509,1222695,437000,287767
197,UTTAR PRADESH,Varanasi,3676841,1921857,1754984,3107681,546987,7696,3309,1146,1898,906367,28765,2770474,2260457,856070,531549
198,UTTAR PRADESH,Sant Ravidas Nagar (Bhadohi),1578213,807099,771114,1368291,203887,1365,199,1562,161,552958,4256,1025255,1032294,331743,209920
199,UTTAR PRADESH,Mirzapur,2496970,1312302,1184668,2292534,195765,2373,1133,341,701,868542,7492,1628428,1590528,552177,346773
200,UTTAR PRADESH,Sonbhadra,1862559,971344,891215,1738769,103567,3963,1649,1747,487,745126,1841,1117433,1203938,418914,237866
201,UTTAR PRADESH,Etah,1774480,947339,827141,1611126,146346,2464,708,2887,5671,718310,3974,1056170,1149372,383707,237427
202,UTTAR PRADESH,Kanshiram Nagar,1436719,764165,672554,1211427,213822,1969,2280,3907,313,648166,5713,788553,946320,301252,183434
203,BIHAR,Pashchim Champaran,3935042,2061110,1873932,3047427,865090,8469,926,1337,296,1710878,4839,2224164,2544205,888205,497793
204,BIHAR,Purba Champaran,5099371,2681209,2418162,4086453,990349,4865,668,878,464,2142757,12600,2956614,3316422,1122340,648009
205,BIHAR,Sheohar,656246,346673,309573,552492,99342,522,216,73,52,348078,1698,308168,421241,139909,93398
206,BIHAR,Sitamarhi,3423574,1803252,1620322,2672311,740101,2897,261,253,188,1852765,28217,1570809,2206340,739982,449035
207,BIHAR,Madhubani,4487379,2329313,2158066,3652168,818912,3262,564,328,442,2003079,5601,2484300,2860455,1009424,611899
208,BIHAR,Supaul,2229076,1155283,1073793,1809936,409251,3758,271,136,546,1220268,3008,1008808,1453438,495020,277610
209,BIHAR,Araria,2811569,1463333,1348236,1593525,1207442,4116,371,187,1910,1653766,2523,1157803,1872943,612012,324091
210,BIHAR,Kishanganj,1690400,866970,823430,531236,1149095,5783,398,183,1476,945397,1224,745003,1139615,361114,188447
211,BIHAR,Purnia,3264619,1699370,1565249,1989420,1255641,7989,614,353,1450,1798786,39859,1465833,2155512,696556,372692
212,BIHAR,Katihar,3071029,1600430,1470599,1684589,1365645,8659,2754,212,507,1705551,2941,1365478,2054202,660403,353483
213,BIHAR,Madhepura,2001762,1047559,954203,1753829,241760,1342,170,60,133,1202278,3374,799484,1311771,444235,242382
214,BIHAR,Saharsa,1900661,997174,903487,1629254,266620,1292,197,60,109,1151349,1236,749312,1249692,415863,233870
215,BIHAR,Darbhanga,3937385,2059949,1877436,3042729,881476,3534,832,245,236,2203198,6756,1734187,2535344,865971,529314
216,BIHAR,Muzaffarpur,4801062,2527497,2273565,4032773,745546,5149,933,288,382,1924438,8030,2876624,3016735,1079189,697108
217,BIHAR,Gopalganj,2562012,1267666,1294346,2119262,436057,2463,271,167,133,977719,2341,1584293,1642807,546202,370662
218,BIHAR,Siwan,3330464,1675090,1655374,2712635,608282,2618,369,407,359,1207119,3120,2123345,2115448,713597,498299
219,BIHAR,Saran,3951862,2022821,1929041,3534772,406449,2330,371,229,322,1313700,3330,2638162,2516115,847031,585386
220,BIHAR,Vaishali,3495021,1844535,1650486,3152346,333980,2203,707,362,246,1479152,73156,2015869,2176701,759132,486032
221,BIHAR,Samastipur,4261566,2230003,2031563,3800598,452370,2126,554,292,231,1996651,12485,2264915,2766930,913339,568812
222,BIHAR,Begusarai,2970541,1567660,1402881,2554330,407348,2209,402,229,276,1242551,3983,1727990,1951688,644874,369996
223,BIHAR,Khagaria,1666886,883786,783100,1486989,175588,1253,143,79,86,903323,914,763563,1114645,355531,195796
224,BIHAR,Bhagalpur,3037766,1615663,1422103,2487866,537098,3556,415,180,1050,1139715,12573,1898051,1952879,674660,397654
225,BIHAR,Banka,2034763,1067140,967623,1772655,250925,6138,139,113,94,879831,2585,1154932,1291235,462080,278863
226,BIHAR,Munger,1367765,729041,638724,1252319,110416,1815,338,95,145,498676,2586,869089,860147,316713,188319
227,BIHAR,Lakhisarai,1000912,526345,474567,956396,40886,487,140,52,78,450967,775,549945,650642,218840,130655
228,BIHAR,Sheikhpura,636342,329743,306599,596102,37653,313,75,41,43,305609,924,330733,413475,136898,85045
229,BIHAR,Nalanda,2877653,1497060,1380593,2669775,198033,1978,393,414,561,1324385,3199,1553268,1829128,642197,403129
230,BIHAR,Patna,5838465,3078512,2759953,5356075,439952,12551,4803,1062,2151,2590473,13609,3247992,3626564,1382654,815638
231,BIHAR,Bhojpur,2728407,1430380,1298027,2518216,197819,2165,544,647,1472,1005140,5559,1723267,1722387,613072,387389
232,BIHAR,Buxar,1706352,887977,818375,1591454,105423,2125,248,5090,97,457814,2228,1248538,1074754,375372,253998
233,BIHAR,Kaimur (Bhabua),1626384,847006,779378,1456229,155283,1407,296,7707,129,551317,6861,1075067,1039302,353413,226808
234,BIHAR,Rohtas,2959918,1543546,1416372,2645415,300487,2889,2569,1584,252,876443,3809,2083475,1875174,673742,407193
235,BIHAR,Aurangabad,2540073,1318684,1221389,2291133,237353,2218,295,334,775,784131,7585,1755942,1626969,564571,340948
236,BIHAR,Gaya,4391418,2266566,2124852,3876395,488121,3943,913,870,1723,1953368,107429,2438050,2810026,936630,537333
237,BIHAR,Nawada,2219146,1144668,1074478,1964620,244394,1299,250,176,279,1091439,3932,1127707,1440781,485628,288805
238,BIHAR,Jamui,1760405,916064,844341,1525746,217621,8443,162,159,87,765297,5418,995108,1135919,392052,227016
239,BIHAR,Jehanabad,1125313,585582,539731,1045117,75742,691,148,248,60,495877,1381,629436,714244,254582,155106
240,BIHAR,Arwal,700843,363497,337346,634099,64259,390,59,323,74,290095,1814,410748,444448,156031,98550
241,SIKKIM,North  District,43709,24730,18979,14883,815,2660,816,23318,35,7673,49,36036,27099,11674,4887
242,SIKKIM,West District,136435,70238,66197,75286,965,13002,40,36390,20,28227,306,108208,84209,32520,19400
243,SIKKIM,South District,146850,76670,70180,84583,1889,21462,151,35053,45,24395,568,122455,87982,37318,20982
244,SIKKIM,East District,283583,151432,132151,177910,6198,23398,861,72455,214,38142,253,245441,165520,80354,37456
245,ARUNACHAL PRADESH,Tawang,49977,29151,20826,11842,787,776,1164,34920,72,19203,20,30774,30709,13849,5399
246,ARUNACHAL PRADESH,West Kameng,83947,46155,37792,31265,1970,8466,328,36087,71,25606,66,58341,53026,22362,8493
247,ARUNACHAL PRADESH,East Kameng,78690,38775,39915,12333,652,37136,36,452,23,31763,56,46927,53752,17922,6960
248,ARUNACHAL PRADESH,Papum Pare,176573,89182,87391,57027,6148,84397,310,4768,139,30360,313,146213,120592,43812,11856
249,ARUNACHAL PRADESH,Upper Subansiri,83448,41758,41690,13474,521,8779,28,297,11,28364,109,55084,56054,20055,7230
250,ARUNACHAL PRADESH,West Siang,112274,58168,54106,15881,2218,29969,577,3311,49,27956,85,84318,70415,28305,13469
251,ARUNACHAL PRADESH,East Siang,99214,50116,49098,27854,2289,18254,69,776,30,21543,85,77671,61993,25334,11802
252,ARUNACHAL PRADESH,Upper Siang,35320,18699,16621,5261,411,5643,27,2577,7,11209,68,24111,21090,8910,5252
253,ARUNACHAL PRADESH,Changlang,148226,76948,71278,47683,2134,35969,94,50381,95,57290,164,90936,96630,35018,16414
254,ARUNACHAL PRADESH,Tirap,111975,57604,54371,20682,1103,83361,61,778,43,50628,98,61347,71785,25669,14423
255,ARUNACHAL PRADESH,Lower Subansiri,83030,41843,41187,9551,1482,34402,27,193,13,17273,55,65757,55258,20305,7412
256,ARUNACHAL PRADESH,Kurung Kumey,92076,45318,46758,4859,471,51189,43,121,81,42621,148,49455,64379,20713,6836
257,ARUNACHAL PRADESH,Dibang Valley,8004,4414,3590,3141,111,223,7,126,2,2185,17,5819,5113,2088,786
258,ARUNACHAL PRADESH,Lower Dibang Valley,54080,28053,26027,28915,2247,9213,33,2932,19,14406,34,39674,35140,13254,5652
259,ARUNACHAL PRADESH,Lohit,145726,76221,69505,99020,3846,10684,210,24452,104,52421,148,93305,94890,35493,15195
260,ARUNACHAL PRADESH,Anjaw,21167,11507,9660,13088,655,271,273,644,12,8723,43,12444,13913,4755,2456
261,NAGALAND,Mon,250260,131753,118507,8102,3444,236494,84,1256,314,130529,450,119731,168773,53600,27437
262,NAGALAND,Mokokchung,194622,101092,93530,9840,2057,181847,78,442,66,22555,163,172067,111243,52853,30363
263,NAGALAND,Zunheboto,140757,71217,69540,2580,772,136995,39,286,6,25988,51,114769,91709,32267,16730
264,NAGALAND,Wokha,166343,84505,81838,5605,2043,158236,34,318,8,25048,71,141295,106951,40510,18811
265,NAGALAND,Dimapur,378811,197394,181417,108900,31212,234239,566,1270,2148,58926,200,319885,243392,98601,36618
266,NAGALAND,Phek,163418,83743,79675,3563,950,158224,31,350,17,44456,93,118962,108514,37842,16969
267,NAGALAND,Tuensang,196596,101933,94663,2979,1052,191864,27,572,5,66450,51,130146,134573,43210,18762
268,NAGALAND,Longleng,50484,26502,23982,873,635,48849,5,77,0,18230,33,32254,33970,11210,5271
269,NAGALAND,Kiphire,74004,37830,36174,1040,564,71803,13,210,1,32120,41,41884,52699,14955,6309
270,NAGALAND,Kohima,267988,138966,129022,25496,4384,234955,998,1519,80,45802,245,222186,173701,68485,25557
271,NAGALAND,Peren,95219,49714,45505,4076,1850,86145,15,459,10,24790,73,70429,64393,21597,9156
272,MANIPUR,Senapati,479148,247323,231825,43833,1649,426819,140,2409,53,191001,1185,288147,314439,111516,52008
273,MANIPUR,Tamenglong,140651,72371,68280,2995,589,134760,59,425,57,45317,164,95334,90273,33290,16924
274,MANIPUR,Churachandpur,274143,138820,135323,12034,2886,254979,152,495,87,57561,637,216582,168608,67802,37096
275,MANIPUR,Bishnupur,237399,118782,118617,175102,18691,4264,56,76,16,67610,457,169789,135220,62907,38815
276,MANIPUR,Thoubal,422168,210845,211323,267146,107323,4322,106,114,24,118088,937,304080,251975,107196,62060
277,MANIPUR,Imphal West,517992,255054,262938,387497,24298,23377,589,1891,1264,87248,1512,430744,278940,148146,89394
278,MANIPUR,Imphal East,456113,226094,230019,274906,80199,27361,181,639,62,90250,1139,365863,261530,123439,70005
279,MANIPUR,Ukhrul,183998,94718,89280,7553,1115,174112,108,635,70,42156,1472,141842,113715,43646,25165
280,MANIPUR,Chandel,144182,74579,69603,10810,3086,129049,136,400,59,38191,274,105991,86255,39324,18329
281,MIZORAM,Mamit,86364,44828,41536,2989,1782,69104,13,12328,25,20091,50,66273,55914,20082,10318
282,MIZORAM,Kolasib,83955,42918,41037,4000,4426,75210,16,108,2,14217,65,69738,52147,20576,11167
283,MIZORAM,Aizawl,400309,199270,201039,13249,5264,379134,105,1570,76,38248,231,362061,235892,108094,56092
284,MIZORAM,Champhai,125745,63388,62357,1075,699,123446,9,151,45,15449,88,110296,78778,29690,17189
285,MIZORAM,Serchhip,64937,32851,32086,991,335,63444,6,60,9,5963,71,58974,39568,15894,9404
286,MIZORAM,Lunglei,161428,82891,78537,5231,1290,127124,74,27543,93,32451,64,128977,100250,39690,21424
287,MIZORAM,Lawngtlai,117894,60599,57295,1668,522,63892,52,51549,122,54874,37,63020,80723,25303,11831
288,MIZORAM,Saiha,56574,28594,27980,933,514,54977,11,102,4,8787,27,47787,37127,12784,6636
289,TRIPURA,West Tripura,1725739,879428,846311,1512801,152791,53622,499,2128,362,279053,959,1446686,940424,499719,284637
290,TRIPURA,South Tripura,876001,447544,428457,736015,49258,39258,245,49420,106,188363,343,687638,505558,236676,133424
291,TRIPURA,Dhalai,378230,194544,183686,307120,8256,22940,175,39120,85,109130,127,269100,232286,95548,50269
292,TRIPURA,North Tripura,693947,352860,341087,507967,105737,44062,151,34717,307,156840,187,537107,414878,178608,100274
293,MEGHALAYA,West Garo Hills,643291,324159,319132,122936,106788,389956,209,3392,144,208900,1459,434391,427629,143604,70599
294,MEGHALAYA,East Garo Hills,317917,161223,156694,17272,3359,289708,56,1004,38,100781,825,217136,216742,70424,29926
295,MEGHALAYA,South Garo Hills,142334,73170,69164,7036,1050,132984,27,332,10,44849,152,97485,97082,30605,14495
296,MEGHALAYA,West Khasi Hills,383461,193715,189746,6498,1533,366881,58,1313,38,133244,1473,250217,278569,69988,33431
297,MEGHALAYA,Ribhoi,258840,132531,126309,30945,1838,218508,166,428,49,78974,187,179866,183343,52945,22365
298,MEGHALAYA,East Khasi Hills,825922,410749,415173,144935,14185,543394,2495,3111,303,168575,957,657347,545961,192428,86576
299,MEGHALAYA,Jaintia Hills,395124,196285,198839,12456,1646,271596,34,284,45,165184,731,229940,291097,72934,30362
300,ASSAM,Kokrajhar,887142,452905,434237,529068,252271,101091,93,1718,396,340601,800,546541,552671,224715,108956
301,ASSAM,Dhubri,1949258,997848,951410,388380,1553023,4107,254,101,1846,992068,1546,957190,1286592,439375,221745
302,ASSAM,Goalpara,1008183,513292,494891,347878,579929,77862,771,194,477,375071,416,633112,650509,239831,117427
303,ASSAM,Barpeta,1693622,867004,826618,492966,1198036,1020,112,49,399,664161,909,1029461,1072312,405046,215355
304,ASSAM,Morigaon,957423,486651,470772,451882,503257,834,113,65,244,351756,1191,605667,612737,225224,118271
305,ASSAM,Nagaon,2823768,1439112,1384656,1225246,1563203,26844,3036,1073,1162,873197,1345,1950571,1778277,678034,366112
306,ASSAM,Sonitpur,1924110,983904,940206,1422824,350536,138166,1363,5088,1003,627141,1232,1296969,1159991,501239,261648
307,ASSAM,Lakhimpur,1042137,529674,512463,797130,193476,46217,412,1074,250,275677,265,766460,639385,268872,133615
308,ASSAM,Dhemaji,686133,351249,334884,655052,13475,8711,297,911,167,194984,231,491149,434221,169630,82051
309,ASSAM,Tinsukia,1327929,680231,647698,1181347,48373,76877,1999,16228,837,417081,520,910848,799874,352158,175377
310,ASSAM,Dibrugarh,1326335,676434,649901,1198401,64526,52968,2261,4673,1055,340744,550,985591,767147,371864,186774
311,ASSAM,Sivasagar,1151050,589216,561834,1007277,95553,33147,902,3953,286,247114,337,903936,648056,330947,171710
312,ASSAM,Jorhat,1092256,556805,535451,1008219,54684,21051,1540,2378,719,209170,736,883086,604908,315550,171062
313,ASSAM,Golaghat,1066888,543161,523727,917426,90312,50582,1131,3863,530,258897,406,807991,629153,289085,148244
314,ASSAM,Karbi Anglong,956313,490167,466146,766000,20290,157789,370,6260,397,310093,818,646220,618633,233739,103123
315,ASSAM,Dima Hasao,214102,110802,103300,143593,4358,63310,207,680,70,57631,110,156471,135463,53699,24830
316,ASSAM,Cachar,1736617,886284,850333,1038985,654816,37635,280,341,1673,357907,952,1378710,1048990,444899,241776
317,ASSAM,Karimganj,1228686,625864,602822,521962,692489,11990,114,446,524,303785,478,924901,779850,284368,163990
318,ASSAM,Hailakandi,659296,337890,321406,251194,397653,8480,84,490,247,173306,291,485990,419921,156243,82841
319,ASSAM,Bongaigaon,738804,375818,362986,359145,371033,5924,384,236,871,260721,220,478083,458796,184849,94939
320,ASSAM,Chirang,482162,244860,237302,320647,109248,49747,87,406,125,172939,118,309223,301518,122244,58282
321,ASSAM,Kamrup,1517542,778461,739081,877495,601784,33297,319,185,1330,392678,795,1124864,895775,408232,212740
322,ASSAM,Kamrup Metropolitan,1253938,647585,606353,1064412,151071,18810,3679,1627,9250,128773,2077,1125165,659453,401500,190908
323,ASSAM,Nalbari,771639,396006,375633,491582,277488,429,62,27,1004,188960,449,582679,442061,211320,117809
324,ASSAM,Baksa,950075,481330,468745,782901,135750,27076,156,1189,239,294784,621,655291,563089,256282,130083
325,ASSAM,Darrang,928500,475273,453227,327322,597392,1688,431,57,724,375556,437,552944,583436,226525,118102
326,ASSAM,Udalguri,831668,421617,410051,612425,105319,110215,215,1681,124,306833,974,524835,499214,221518,109962
327,WEST BENGAL,Darjiling,1846823,937259,909564,1366681,105086,141848,2032,209240,1840,415353,2335,1431470,1031221,523288,289979
328,WEST BENGAL,Jalpaiguri,3872846,1983064,1889782,3156781,445817,186279,2994,50676,1461,1203423,2223,2669423,2259507,1035449,575667
329,WEST BENGAL,Koch Bihar,2819086,1451542,1367544,2087766,720033,4122,449,445,1869,873135,2359,1945951,1623320,744646,448761
330,WEST BENGAL,Uttar Dinajpur,3007134,1551066,1456068,1482943,1501170,16702,477,432,1324,1431264,1087,1575870,1916033,704859,385155
331,WEST BENGAL,Dakshin Dinajpur,1676276,857199,819077,1232850,412788,24794,276,148,323,534394,1588,1141882,937283,465982,271423
332,WEST BENGAL,Maldah,3988845,2051541,1937304,1914352,2045151,13209,747,359,639,1960034,2436,2028811,2511004,955283,520122
333,WEST BENGAL,Murshidabad,7103807,3627564,3476243,2359061,4707573,18102,766,348,3037,3031841,4236,4071966,4390564,1717594,991413
334,WEST BENGAL,Birbhum,3502404,1790920,1711484,2181515,1298054,10906,582,258,1152,1346802,2227,2155602,2008655,952059,539463
335,WEST BENGAL,Barddhaman,7717563,3966889,3750674,6008472,1599764,21220,16675,1602,1674,2196886,9687,5520677,4149420,2265543,1292913
336,WEST BENGAL,Nadia,5167600,2653768,2513832,3728482,1382682,33835,849,514,281,1570127,2369,3597473,2745828,1484986,934417
337,WEST BENGAL,North Twenty Four Parganas,10009781,5119389,4890392,7352769,2584684,26933,9394,5818,4452,1901634,14766,8108147,5104876,2968996,1921143
338,WEST BENGAL,Hugli,5519145,2814653,2704492,4574569,870204,7300,2662,1730,2160,1180806,3629,4338339,2766489,1688206,1060821
339,WEST BENGAL,Bankura,3596674,1838095,1758579,3033581,290450,3865,386,260,2904,1417787,1741,2178887,1942335,1014764,637834
340,WEST BENGAL,Puruliya,2930115,1496996,1433119,2373120,227249,8646,622,209,3052,1272799,3116,1657316,1678057,764776,484166
341,WEST BENGAL,Haora,4850029,2500819,2349210,3535844,1270641,8666,4380,1258,9699,926661,6457,3923368,2587164,1423304,833104
342,WEST BENGAL,Kolkata,4496694,2356766,2139928,3440290,926414,39758,13849,4771,21178,410988,23222,4085706,2025389,1433314,1014769
343,WEST BENGAL,South Twenty Four Parganas,8161961,4173778,3988183,5155545,2903075,66498,2783,2494,972,2184508,10986,5977453,4763943,2151474,1235558
344,WEST BENGAL,Paschim Medinipur,5913457,3007885,2905572,5056953,620554,23287,2854,2019,1550,1689984,15057,4223473,3243971,1664250,990179
345,WEST BENGAL,Purba Medinipur,5095875,2629834,2466041,4343972,743436,2648,746,317,574,1021541,2930,4074334,2866678,1384242,842025
346,JHARKHAND,Garhwa,1322784,683575,639209,1104475,194680,17168,123,371,20,557852,280,764932,860869,284036,177599
347,JHARKHAND,Chatra,1042886,533935,508951,903179,116710,6565,888,35,129,467975,662,574911,692650,222892,126682
348,JHARKHAND,Kodarma,716259,367222,349037,605138,107018,1221,944,32,980,297992,249,418267,462098,158603,95309
349,JHARKHAND,Giridih,2445474,1258098,1187376,1856202,508586,14645,937,650,1503,1047685,1450,1397789,1597269,533788,312967
350,JHARKHAND,Deoghar,1492073,775022,717051,1165140,302626,6027,143,188,282,635544,3185,856529,944961,338413,205514
351,JHARKHAND,Godda,1313551,677927,635624,937126,289182,37795,97,128,115,653464,1026,660087,820367,308639,183519
352,JHARKHAND,Sahibganj,1150567,589391,561176,628044,398243,83208,198,245,125,637296,5964,513271,745027,261849,137727
353,JHARKHAND,Pakur,900422,452661,447761,410127,322963,75865,356,283,222,548434,1202,351988,587976,206826,104418
354,JHARKHAND,Dhanbad,2684487,1405956,1278531,2149480,431762,11243,9727,331,1268,662522,44331,2021965,1634835,648876,356445
355,JHARKHAND,Bokaro,2062330,1072807,989523,1636460,241451,13730,4174,1890,2045,595924,8602,1466406,1261238,510375,282115
356,JHARKHAND,Lohardaga,461790,232629,229161,112378,95012,16770,51,33,15,188323,362,273467,298844,100340,62244
357,JHARKHAND,Purbi Singhbhum,2293919,1176902,1117017,1550178,203999,30172,38544,892,1670,525916,862,1768003,1292595,632314,368148
358,JHARKHAND,Palamu,1939869,1006302,933567,1683169,238295,6164,734,188,284,803424,1242,1136445,1244572,425668,268387
359,JHARKHAND,Latehar,726978,369666,357312,473049,69808,47653,120,128,16,349277,304,377701,484084,152720,89870
360,JHARKHAND,Hazaribagh,1734495,890881,843614,1397227,281247,17137,1312,71,1676,613774,544,1120721,1107452,396466,230033
361,JHARKHAND,Ramgarh,949443,494230,455213,774251,129037,7260,5093,69,537,292062,377,657381,594747,230525,123794
362,JHARKHAND,Dumka,1321442,668514,652928,1044726,106865,86404,234,267,162,601078,1729,720364,799323,324226,196164
363,JHARKHAND,Jamtara,791042,404830,386212,550560,164406,4419,520,118,783,366012,3448,425030,480895,189889,116810
364,JHARKHAND,Ranchi,2914253,1494937,1419316,1612239,410759,193974,4826,932,2733,613855,36856,2300398,1742293,725938,409166
365,JHARKHAND,Khunti,531885,266335,265550,138863,13122,136438,69,245,148,177856,348,354029,327152,125649,78736
366,JHARKHAND,Gumla,1025213,514390,510823,309563,51429,202449,221,531,23,322119,311,703094,643579,225871,155452
367,JHARKHAND,Simdega,599578,300309,299269,201524,15103,306601,51,753,114,191341,342,408237,357859,143560,97817
368,JHARKHAND,Pashchimi Singhbhum,1502338,749385,752953,423937,38103,87587,946,389,52,279016,411,1223322,960987,353305,187635
369,JHARKHAND,Saraikela-Kharsawan,1065056,544411,520645,709016,63588,8113,1114,187,72,228943,2647,836113,634975,265892,161542
370,ORISSA,Bargarh,1481255,749161,732094,1459065,7527,11744,652,161,125,442733,1795,1038522,787033,410005,282422
371,ORISSA,Jharsuguda,579505,296690,282815,553587,12783,10462,1441,80,70,143508,1317,435997,320156,159477,98555
372,ORISSA,Sambalpur,1041099,526877,514222,964188,20120,50637,2506,310,86,282248,2098,758851,565700,286575,186726
373,ORISSA,Debagarh,312520,158230,154290,296001,704,14518,53,102,7,108811,680,203709,176062,81789,53989
374,ORISSA,Sundargarh,2093437,1061147,1032290,1532352,71391,385011,5713,710,721,660465,6845,1432972,1188918,573238,324436
375,ORISSA,Kendujhar,1801733,906487,895246,1752694,27752,9141,2177,209,131,700661,7184,1101072,1038890,472908,282751
376,ORISSA,Mayurbhanj,2519738,1256213,1263525,2113079,33706,15008,661,162,109,1094844,5798,1424894,1449729,650135,414076
377,ORISSA,Baleshwar,2320529,1185787,1134742,2197709,94254,6434,237,111,201,628627,3515,1691902,1303828,622575,390611
378,ORISSA,Bhadrak,1506337,760260,746077,1398543,104202,745,169,81,111,323145,3562,1183192,848660,393629,260486
379,ORISSA,Kendrapara,1440361,717814,722547,1386792,50247,1423,169,62,52,294723,3624,1145638,771284,374559,290894
380,ORISSA,Jagatsinghapur,1136971,577865,559106,1086140,46929,1604,206,74,58,209984,3174,926987,577896,317148,238753
381,ORISSA,Cuttack,2624470,1352760,1271710,2457729,141263,11985,1026,6276,1180,472182,9184,2152288,1372301,743090,499895
382,ORISSA,Jajapur,1827192,926034,901158,1725595,93642,1623,470,58,100,460953,4947,1366239,1010147,479392,332706
383,ORISSA,Dhenkanal,1192811,612593,580218,1185542,4805,727,124,366,39,341887,2483,850924,641697,326233,222398
384,ORISSA,Anugul,1273821,655718,618103,1258684,7512,3383,812,226,36,347851,4290,925970,708493,347521,213517
385,ORISSA,Nayagarh,962789,502636,460153,955754,5278,383,107,33,24,232558,1573,730231,502136,262086,196994
386,ORISSA,Khordha,2251673,1167137,1084536,2147632,84060,12527,1264,475,476,371244,7105,1880429,1199521,653346,391701
387,ORISSA,Puri,1698730,865380,833350,1644905,46094,4239,193,243,94,309790,4500,1388940,888134,477430,328666
388,ORISSA,Ganjam,3529031,1779218,1749813,3486059,13315,23975,590,174,170,1055331,10794,2473700,1980232,924756,613249
389,ORISSA,Gajapati,577817,282882,294935,353160,1556,219482,53,2180,66,335821,3315,241996,345387,144043,85072
390,ORISSA,Kandhamal,733110,359945,373165,580300,2138,148895,82,290,47,287948,1237,445162,436625,177471,117777
391,ORISSA,Baudh,441162,221625,219537,438152,1007,522,24,5,11,146392,1078,294770,253467,111571,75046
392,ORISSA,Subarnapur,610183,311312,298871,605225,1566,2374,58,46,17,167244,1412,442939,341561,153760,113450
393,ORISSA,Balangir,1648997,830097,818900,1618175,7811,16271,565,467,2225,721389,4084,927608,904026,430011,310876
394,ORISSA,Nuapada,610382,301962,308420,601092,4952,1778,724,76,905,316086,1301,294296,344075,152681,112325
395,ORISSA,Kalahandi,1576869,787101,789768,1555367,4975,11160,796,175,1225,765368,5398,811501,880160,415778,275533
396,ORISSA,Rayagada,967911,471960,495951,874445,4607,84916,219,249,123,583140,3751,384771,577569,245766,140825
397,ORISSA,Nabarangapur,1220946,604812,616134,1178005,6753,32152,169,189,325,739190,6427,481756,745206,297552,171761
398,ORISSA,Koraput,1379647,678809,700838,1294151,8850,68550,518,219,491,770707,5060,608940,818578,348803,207206
399,ORISSA,Malkangiri,613192,303624,309568,600219,1871,10039,213,43,195,390356,1640,222836,381913,146355,83284
400,CHHATTISGARH,Koriya,658917,334737,324180,604259,25878,9398,1391,84,1155,179639,241,479278,399581,165022,94073
401,CHHATTISGARH,Surguja,2359886,1193129,1166757,2126195,81442,97432,2303,1287,623,991866,1458,1368020,1441436,561915,355077
402,CHHATTISGARH,Jashpur,851669,424747,426922,629509,15336,189588,474,467,694,328438,149,523231,488965,214455,148100
403,CHHATTISGARH,Raigarh,1493984,750278,743706,1422986,17332,47653,2117,781,409,460166,281,1033818,841958,398257,253488
404,CHHATTISGARH,Korba,1206640,612915,593725,1133176,30195,21059,3666,897,753,410186,494,796454,729708,309479,166959
405,CHHATTISGARH,Janjgir - Champa,1619707,815717,803990,1597089,14173,2926,635,556,707,587734,523,1031973,975114,383172,260898
406,CHHATTISGARH,Bilaspur,2663629,1351574,1312055,2540763,57973,20745,6373,2979,2357,943112,2999,1720517,1625484,655032,380114
407,CHHATTISGARH,Kabeerdham,822526,412058,410468,776013,12206,980,924,433,1167,376852,184,445674,515971,198517,107854
408,CHHATTISGARH,Rajnandgaon,1537133,762855,774278,1399658,23648,5193,3761,28541,8187,467554,732,1069579,898915,404418,233068
409,CHHATTISGARH,Durg,3343872,1682101,1661771,3129745,83499,24304,24276,19587,17209,823501,2143,2520371,1919832,898241,523656
410,CHHATTISGARH,Raipur,4063872,2048186,2015686,3881485,103038,23181,16707,8397,17137,1247434,11234,2816438,2454299,1038155,560184
411,CHHATTISGARH,Mahasamund,1032754,511967,520787,1008061,12570,5284,2941,521,1495,384764,375,647990,582544,272009,177826
412,CHHATTISGARH,Dhamtari,799781,397897,401884,777188,10425,2644,1196,667,3612,214637,206,585144,461125,213021,125429
413,CHHATTISGARH,Uttar Bastar Kanker,748941,373338,375603,627460,6040,4007,552,2213,1071,243039,290,505902,437598,197603,113450
414,CHHATTISGARH,Bastar,1413199,698487,714712,1277975,12413,27951,2099,985,3466,729550,1201,683649,864272,358157,189569
415,CHHATTISGARH,Narayanpur,139820,70104,69716,129161,776,600,96,71,409,78331,159,61489,91338,33956,14367
416,CHHATTISGARH,Dakshin Bastar Dantewada,533638,264142,269496,513915,6437,4888,457,352,1044,336963,293,196675,334987,140188,58170
417,CHHATTISGARH,Bijapur,255230,128663,126567,245151,1617,2709,68,1649,15,163278,153,91952,167348,63802,23927
418,MADHYA PRADESH,Sheopur,687861,361784,326077,638702,41396,230,6387,201,379,393141,408,294720,449974,155063,82416
419,MADHYA PRADESH,Morena,1965970,1068417,897553,1875495,76159,1092,557,3234,6681,706917,1480,1259053,1254302,452484,257704
420,MADHYA PRADESH,Bhind,1703005,926843,776162,1595400,66776,973,4047,12215,19950,388473,4005,1314532,1040736,399676,258588
421,MADHYA PRADESH,Gwalior,2032036,1090327,941709,1835299,141735,4119,24790,4361,18058,554486,2538,1477550,1218319,519728,291451
422,MADHYA PRADESH,Datia,786754,420157,366597,747693,28483,683,490,7923,453,260076,340,526678,473097,195131,118186
423,MADHYA PRADESH,Shivpuri,1726050,919795,806255,1648749,51200,1117,7151,3421,12171,719547,2325,1006503,1106084,389652,227989
424,MADHYA PRADESH,Tikamgarh,1445166,760355,684811,1383475,44143,588,251,109,15569,659348,1144,785818,898323,343824,201875
425,MADHYA PRADESH,Chhatarpur,1762375,936121,826254,1676918,70351,1980,968,250,10409,770268,3262,992107,1112636,394060,252417
426,MADHYA PRADESH,Panna,1016520,533480,483040,974748,35214,418,186,37,4734,427997,1311,588523,635347,235035,144827
427,MADHYA PRADESH,Sagar,2378458,1256257,1122201,2198297,103480,5580,4146,991,62992,711804,3172,1666654,1470688,569166,335432
428,MADHYA PRADESH,Damoh,1264219,661873,602346,1186420,47966,1681,1096,119,25005,469038,1294,795181,768929,312593,181403
429,MADHYA PRADESH,Satna,2228935,1157495,1071440,2158623,59471,2228,1163,364,3135,715509,2153,1513426,1365647,535086,326049
430,MADHYA PRADESH,Rewa,2365106,1225100,1140006,2268838,85414,1964,832,986,655,766166,2568,1598940,1460075,540235,362228
431,MADHYA PRADESH,Umaria,644758,330674,314084,620515,15966,667,190,70,220,230782,604,413976,403030,158140,82984
432,MADHYA PRADESH,Neemuch,826067,422653,403414,741288,67324,1508,1110,224,14165,289113,442,536954,476995,217403,131227
433,MADHYA PRADESH,Mandsaur,1340411,682851,657560,1192588,125548,1120,849,242,19029,467002,735,873409,781000,346861,211815
434,MADHYA PRADESH,Ratlam,1455069,738241,716828,1267043,151071,3996,1353,175,29353,622153,746,832916,876905,363858,213560
435,MADHYA PRADESH,Ujjain,1986864,1016289,970575,1718204,233133,4659,3241,945,24622,659279,1311,1327585,1156749,508302,320502
436,MADHYA PRADESH,Shajapur,1512681,780520,732161,1321003,174724,815,631,179,13755,544791,1011,967890,901161,369741,240768
437,MADHYA PRADESH,Dewas,1563715,805359,758356,1376591,174259,2355,2330,382,6497,565365,833,998350,943954,388648,230280
438,MADHYA PRADESH,Dhar,2185793,1112725,1073068,2051219,116202,2261,1607,328,12199,1021851,2174,1163942,1377326,533243,273050
439,MADHYA PRADESH,Indore,3276697,1699627,1577070,2728225,415142,18523,25696,11496,71667,718174,11867,2558523,1877270,894464,493096
440,MADHYA PRADESH,Khargone (West Nimar),1873046,953121,919925,1725441,135085,2075,2896,284,6028,932619,1362,940427,1166866,450248,254570
441,MADHYA PRADESH,Barwani,1385881,699340,686541,1318869,58222,2967,2361,416,2289,825034,789,560847,923665,302833,158594
442,MADHYA PRADESH,Rajgarh,1545814,790212,755602,1433879,106928,1243,460,121,1599,706958,919,838856,935230,363218,246447
443,MADHYA PRADESH,Vidisha,1458875,769568,689307,1287391,149548,1313,914,295,18490,512311,941,946564,919239,335690,203005
444,MADHYA PRADESH,Bhopal,2371061,1236130,1134931,1755861,525434,23432,10789,21688,25950,462581,9362,1908480,1405814,625594,330291
445,MADHYA PRADESH,Sehore,1311332,683743,627589,1163607,137980,1404,640,357,6232,508396,508,802936,817608,305605,187611
446,MADHYA PRADESH,Raisen,1331597,700358,631239,1195235,120331,1725,2262,253,10637,444877,815,886720,832939,316319,181524
447,MADHYA PRADESH,Betul,1575362,799236,776126,1505745,37590,3271,1078,9651,3759,603098,1223,972264,938819,392728,242592
448,MADHYA PRADESH,Harda,570465,294838,275627,527462,38640,683,676,93,1573,177731,392,392734,347774,138882,83417
449,MADHYA PRADESH,Hoshangabad,1241350,648725,592625,1175203,52269,4453,3127,1550,3888,344492,849,896858,730768,318232,191501
450,MADHYA PRADESH,Katni,1292042,662013,630029,1240650,37232,3158,1167,157,5342,465374,1189,826668,778414,326582,185857
451,MADHYA PRADESH,Jabalpur,2463289,1277278,1186011,2159065,203652,23142,13256,4320,33728,540029,4832,1923260,1387369,679185,391903
452,MADHYA PRADESH,Narsimhapur,1091854,568810,523044,1038628,39048,914,997,262,8125,356987,1048,734867,620415,289560,180831
453,MADHYA PRADESH,Dindori,704524,351913,352611,605435,6736,4238,260,61,687,295655,630,408869,419531,181841,102522
454,MADHYA PRADESH,Mandla,1054905,525272,529633,849518,16558,12450,436,297,1789,376944,1048,677961,614794,278553,160510
455,MADHYA PRADESH,Chhindwara,2090922,1064468,1026454,1923920,100692,4893,2258,24471,7830,663446,1366,1427476,1232263,535316,321977
456,MADHYA PRADESH,Seoni,1379131,695879,683252,1145052,79739,1857,360,7288,4982,458811,935,920320,809922,363037,205237
457,MADHYA PRADESH,Balaghat,1701698,842178,859520,1519384,38542,5295,1050,72162,4778,493415,1521,1208283,969773,453605,276799
458,MADHYA PRADESH,Guna,1241519,649362,592157,1172248,49203,1208,3271,529,13474,578034,1089,663485,793150,285176,162104
459,MADHYA PRADESH,Ashoknagar,845071,443837,401234,778214,40707,635,8009,1352,15094,359525,758,485546,535410,194772,114131
460,MADHYA PRADESH,Shahdol,1066063,540021,526042,997073,42426,2372,912,268,1737,422736,644,643327,645619,269145,150655
461,MADHYA PRADESH,Anuppur,749237,379114,370123,686524,21473,2132,606,86,1653,271733,950,477504,444954,193520,109813
462,MADHYA PRADESH,Sidhi,1127033,575912,551121,1077545,34419,511,128,92,93,477472,858,649561,721531,253685,150959
463,MADHYA PRADESH,Singrauli,1178273,613637,564636,1118998,46574,2332,1422,338,182,517447,1083,660826,771725,267189,138276
464,MADHYA PRADESH,Jhabua,1025048,515023,510025,960925,15733,38423,141,65,8871,775664,398,249384,684200,220769,119681
465,MADHYA PRADESH,Alirajpur,728999,362542,366457,705060,17660,4600,65,36,780,658684,674,70315,488848,155328,84149
466,MADHYA PRADESH,Khandwa (East Nimar),1310061,674329,635732,1182330,116277,2800,1726,1425,3856,551824,586,758237,809091,313456,186928
467,MADHYA PRADESH,Burhanpur,757847,388504,369343,552526,180840,1199,1074,19883,1884,317962,370,439885,469838,181605,106034
468,GUJARAT,Kachchh,2092371,1096737,995634,1608921,442355,6192,6353,490,25312,581952,3629,1510419,1278604,524052,286086
469,GUJARAT,Banas Kantha,3120506,1610379,1510127,2890305,213505,1686,486,281,12659,1207376,2600,1913130,1984701,738412,394793
470,GUJARAT,Patan,1343734,694397,649337,1194745,142797,916,337,66,3602,452891,2531,890843,786357,341381,213465
471,GUJARAT,Mahesana,2035064,1056520,978544,1885732,136431,1954,1082,146,7087,434497,3603,1600567,1119451,554432,357578
472,GUJARAT,Sabar Kantha,2428589,1244231,1184358,2260560,148563,6375,614,168,11110,665058,3590,1763531,1393131,630963,400905
473,GUJARAT,Gandhinagar,1391753,723864,667889,1319586,57273,3237,1985,497,6405,246993,5676,1144760,769329,391862,224886
474,GUJARAT,Ahmadabad,7214225,3788051,3426174,6042416,883238,50754,14542,4518,209287,1129562,19320,6084663,3952858,2043895,1198152
475,GUJARAT,Surendranagar,1756268,909917,846351,1620282,109681,1419,512,312,22992,493427,2899,1262841,1033435,439352,280582
476,GUJARAT,Rajkot,3804558,1974445,1830113,3397406,361388,5478,1918,1170,33591,738660,11543,3065898,2080568,1052871,659576
477,GUJARAT,Jamnagar,2160119,1114192,1045927,1810443,320805,4392,1873,1086,18856,502873,4747,1657246,1220598,576319,358455
478,GUJARAT,Porbandar,585449,300209,285240,549749,33565,500,248,91,515,137119,1148,448330,314886,163777,105638
479,GUJARAT,Junagadh,2743082,1404356,1338726,2397056,334858,2586,1110,1291,3841,669022,4388,2074060,1527888,749156,461650
480,GUJARAT,Amreli,1514190,771049,743141,1410463,99105,919,415,243,2053,380595,5546,1133595,836343,389892,282409
481,GUJARAT,Bhavnagar,2880365,1490201,1390164,2632574,212863,3457,1410,445,26974,508664,6065,2371701,1708938,720241,445121
482,GUJARAT,Anand,2092745,1087224,1005521,1798794,250919,29789,1524,267,8591,360506,6271,1732239,1134962,585093,366419
483,GUJARAT,Kheda,2299885,1185727,1114158,2000884,264482,26629,1403,300,3479,482078,22358,1817807,1260660,628221,388646
484,GUJARAT,Panch Mahals,2390776,1226961,1163815,2220974,158513,2863,662,337,5236,781582,5601,1609194,1421859,599925,363391
485,GUJARAT,Dohad,2127086,1068651,1058435,2045243,66353,9907,493,260,3331,1047088,5202,1079998,1402616,467115,252153
486,GUJARAT,Vadodara,4165626,2153736,2011890,3713941,384579,23813,9340,2069,27650,910219,28401,3255407,2213474,1190041,733710
487,GUJARAT,Narmada,590297,301086,289211,559848,22600,4413,147,80,373,192780,2091,397517,336830,157910,93466
488,GUJARAT,Bharuch,1551019,805707,745312,1188204,343511,9494,1733,442,4813,273829,9470,1277190,844298,442523,254728
489,GUJARAT,The Dangs,228291,113821,114470,203545,3593,20029,69,32,39,91160,348,137131,146095,51821,30027
490,GUJARAT,Navsari,1329672,678165,651507,1225087,78669,5733,2459,601,13386,261956,7352,1067716,673014,390349,258957
491,GUJARAT,Valsad,1705678,887222,818456,1571147,94034,19661,1589,913,13809,405928,15366,1299750,944532,485874,259906
492,GUJARAT,Surat,6081322,3402224,2679098,5260193,660772,21052,5703,12902,112835,942150,53718,5139172,3563443,1740746,723415
493,GUJARAT,Tapi,807022,402188,404834,725890,22309,52930,239,1476,1828,292102,5381,514920,422047,235019,144575
494,DAMAN AND DIU,Diu,52074,25642,26432,48613,3190,202,3,1,43,10735,68,41339,30475,13932,7599
495,DAMAN AND DIU,Daman,191173,124659,66514,171537,16087,2618,169,216,244,20641,288,170532,122589,52868,15428
496,DADRA AND NAGAR HAVELI,Dadra AND Nagar Haveli,343709,193760,149949,322857,12922,5113,217,634,1186,91055,372,252654,225103,87888,30346
497,MAHARASHTRA,Nandurbar,1648295,833170,815125,1521618,96182,8467,685,4969,6191,790613,4990,857682,1011352,390419,241534
498,MAHARASHTRA,Dhule,2050862,1054031,996831,1825460,187901,3653,1422,13405,12818,649568,18638,1401294,1167569,513908,350747
499,MAHARASHTRA,Jalgaon,4229917,2197365,2032552,3457615,560261,7091,3091,143865,27404,1003050,33480,3226867,2352671,1080237,763529
500,MAHARASHTRA,Buldana,2586258,1337560,1248698,1845424,354236,3531,1668,364229,12242,600436,3890,1985822,1467457,641840,473071
501,MAHARASHTRA,Akola,1813906,932334,881572,1107809,357253,4483,1504,328033,10205,352687,4005,1461219,998769,483200,327932
502,MAHARASHTRA,Washim,1197160,620302,576858,859949,142672,1707,518,179330,8476,291525,1631,905635,682919,302425,210185
503,MAHARASHTRA,Amravati,2888445,1480768,1407677,2055177,421410,7223,2242,383891,11360,478074,11041,2410371,1540590,783549,553265
504,MAHARASHTRA,Wardha,1300774,668385,632389,1057096,53854,2696,2147,175417,5663,212054,900,1088720,659540,370227,270107
505,MAHARASHTRA,Nagpur,4653570,2384975,2268595,3492202,390974,34667,20469,668050,24528,601547,12462,4052023,2460820,1361821,818467
506,MAHARASHTRA,Bhandara,1200334,605520,594814,1009352,26502,2145,831,154458,1017,235524,7482,964810,626978,333120,232754
507,MAHARASHTRA,Gondiya,1322507,661554,660953,1153861,26157,1827,2160,125282,1568,256549,2274,1065958,704214,371908,244111
508,MAHARASHTRA,Gadchiroli,1072942,541328,531614,927411,21063,3872,681,82695,454,360229,2759,712713,605217,289448,175518
509,MAHARASHTRA,Chandrapur,2204307,1123834,1080473,1780085,92297,10701,5251,286734,3861,516728,6896,1687579,1163802,629890,403719
510,MAHARASHTRA,Yavatmal,2772348,1419965,1352383,2251401,239236,4567,1596,249874,11422,718204,6014,2054144,1549263,733258,483813
511,MAHARASHTRA,Nanded,3361292,1730075,1631217,2501741,471951,3902,13540,354189,5049,884626,8016,2476666,2008314,809135,535827
512,MAHARASHTRA,Hingoli,1177345,606294,571051,863199,127552,992,643,176679,5278,331388,1495,845957,692117,281905,201828
513,MAHARASHTRA,Parbhani,1836086,942870,893216,1328385,306364,2081,1371,187899,6238,552643,7796,1283443,1078349,436486,313455
514,MAHARASHTRA,Jalna,1959046,1011473,947573,1504641,274221,12542,1629,152540,9619,545980,12627,1413066,1150104,454836,341479
515,MAHARASHTRA,Aurangabad,3701282,1924469,1776813,2545438,786677,15991,5142,309093,30981,819734,7583,2881548,2211996,909771,571932
516,MAHARASHTRA,Nashik,6107187,3157186,2950001,5237009,693052,23946,8912,94783,38212,1481778,10833,4625409,3580633,1567252,948469
517,MAHARASHTRA,Thane,11060148,5865078,5195070,8716055,1355630,280700,39149,449617,172052,1692022,53820,9368126,6184519,3241888,1579921
518,MAHARASHTRA,Mumbai Suburban,9356962,5031323,4325639,6337132,1795788,322476,47288,469568,343639,1111093,33035,8245869,4936360,2812001,1575566
519,MAHARASHTRA,Mumbai,3085411,1684608,1400803,1873762,773173,84555,13471,134257,166000,262312,15577,2823099,1553005,933586,583243
520,MAHARASHTRA,Raigarh,2634200,1344345,1289855,2239370,227465,17452,7477,121791,12260,482420,8966,2151780,1414154,748339,462741
521,MAHARASHTRA,Pune,9429408,4924105,4505303,8090254,673704,134192,27090,340404,127786,1353077,34377,8076331,5184734,2624165,1586132
522,MAHARASHTRA,Ahmadnagar,4543159,2342825,2200334,4107143,320743,22766,5431,33898,38718,1061271,15215,3481888,2496560,1166245,865139
523,MAHARASHTRA,Bid,2585049,1349106,1235943,2174672,320395,2097,824,68482,8719,821607,2116,1763442,1473882,614615,494436
524,MAHARASHTRA,Latur,2454196,1273140,1181056,2006984,367664,2387,935,66535,6387,596213,10360,1857983,1406364,584243,453229
525,MAHARASHTRA,Osmanabad,1657576,861535,796041,1437623,178925,942,340,28216,4530,440363,3673,1217213,917343,393539,343021
526,MAHARASHTRA,Solapur,4317756,2227852,2089904,3795424,441254,9882,1279,35497,28134,976795,15127,3340961,2402794,1089900,809935
527,MAHARASHTRA,Satara,3003741,1510842,1492899,2691952,146970,4408,1182,141315,12810,545423,14223,2458318,1517324,800492,671702
528,MAHARASHTRA,Ratnagiri,1615069,761121,853948,1307211,187197,1990,230,113467,3347,319622,1766,1295447,777431,438905,396967
529,MAHARASHTRA,Sindhudurg,849651,417332,432319,780384,26264,15471,219,24762,1046,121922,2368,727729,382024,242296,222963
530,MAHARASHTRA,Kolhapur,3876001,1980658,1895343,3379906,286558,15573,1570,29766,154882,778000,17067,3098001,1972486,1084858,801590
531,MAHARASHTRA,Sangli,2822143,1435728,1386415,2440312,239607,9098,1260,38210,87453,579039,15194,2243104,1450907,752303,603739
532,ANDHRA PRADESH,Adilabad,2741239,1369597,1371642,2399901,275970,15422,1377,25510,617,1030640,77788,1710599,1536378,704551,422522
533,ANDHRA PRADESH,Nizamabad,2551335,1250641,1300694,2123426,391596,19653,2357,1847,542,1041862,37588,1509473,1399773,676401,437573
534,ANDHRA PRADESH,Karimnagar,3776269,1880800,1895469,3491139,244723,24979,2086,332,312,1280393,75806,2495876,1940234,1031735,728494
535,ANDHRA PRADESH,Medak,3033288,1523030,1510258,2637313,342449,34301,1309,554,457,1199818,8413,1833470,1735769,779738,509368
536,ANDHRA PRADESH,Hyderabad,3943323,2018575,1924748,2046051,1713405,87522,11446,1268,19560,556902,83281,3386421,2249130,1068243,542669
537,ANDHRA PRADESH,Rangareddy,5296741,2701008,2595733,4458858,617518,144037,8062,2041,3536,1158473,135852,4138268,2966988,1455864,738037
538,ANDHRA PRADESH,Mahbubnagar,4053028,2050386,2002642,3673456,334172,21345,658,290,388,1604319,27199,2448709,2360874,1027525,637430
539,ANDHRA PRADESH,Nalgonda,3488809,1759772,1729037,3249231,188646,35025,937,241,250,1294811,7575,2193998,1932349,897137,651748
540,ANDHRA PRADESH,Warangal,3512576,1759281,1753295,3273755,197333,31377,1453,253,569,1191252,14298,2321324,1891954,941452,664872
541,ANDHRA PRADESH,Khammam,2797370,1390988,1406382,2595321,158887,33463,655,217,459,875272,14230,1922098,1530602,774583,477955
542,ANDHRA PRADESH,Srikakulam,2703114,1341738,1361376,2666950,9025,18879,193,77,160,1009992,3874,1693122,1423119,747385,528736
543,ANDHRA PRADESH,Vizianagaram,2344474,1161477,1182997,2299129,16423,17853,380,114,815,1031683,20245,1312791,1206366,666394,451469
544,ANDHRA PRADESH,Visakhapatnam,4290589,2138910,2151679,4105320,86330,77607,2301,850,2316,1418851,54343,2871738,2274553,1245627,716066
545,ANDHRA PRADESH,East Godavari,5154296,2569688,2584608,4983330,77777,77825,738,413,4149,1524603,2892,3629693,2724328,1478954,948122
546,ANDHRA PRADESH,West Godavari,3936966,1964918,1972048,3733191,86142,109120,288,209,1578,1028767,2156,2908199,2051513,1127764,755533
547,ANDHRA PRADESH,Krishna,4517398,2267375,2250023,4023678,307043,145598,1393,863,6320,1352499,57866,3164899,2340943,1284630,833959
548,ANDHRA PRADESH,Guntur,4887813,2440521,2447292,4217597,559770,89763,764,323,3282,1474349,4078,3413464,2583462,1371811,928462
549,ANDHRA PRADESH,Prakasam,3397448,1714764,1682684,3150195,220654,18775,266,97,204,1218310,5655,2179138,1832695,917391,641707
550,ANDHRA PRADESH,Sri Potti Sriramulu Nellore,2963557,1492974,1470583,2639737,288378,26202,678,239,2610,940785,4374,2022772,1574713,840448,544022
551,ANDHRA PRADESH,Y.S.R.,2882469,1451777,1430692,2391231,454108,23281,367,105,751,893657,4807,1988812,1553667,793583,530412
552,ANDHRA PRADESH,Kurnool,4053463,2039227,2014236,3328380,670737,33165,737,255,2235,1517933,22134,2535530,2368684,1053618,609027
553,ANDHRA PRADESH,Anantapur,4081148,2064495,2016653,3599372,443456,20463,932,341,1417,1369069,47575,2712079,2189396,1104565,739612
554,ANDHRA PRADESH,Chittoor,4174064,2090204,2083860,3737588,397870,24129,867,253,1322,1170993,59402,3003071,2148179,1159053,807430
555,KARNATAKA,Belgaum,4779661,2423063,2356598,4038331,528412,18418,2037,1086,178310,1346776,2054,3432885,2669348,1251116,857143
556,KARNATAKA,Bagalkot,1889752,950111,939641,1634229,219991,3433,443,412,25198,608843,829,1280909,1123443,465706,299774
557,KARNATAKA,Bijapur,2177331,1111022,1066309,1786830,369588,2433,558,374,8665,746979,1423,1430352,1295274,527085,353549
558,KARNATAKA,Bidar,1703300,870665,832635,1289709,335184,35438,1145,30453,680,515395,714,1187905,1018195,397120,287271
559,KARNATAKA,Raichur,1928812,964511,964301,1634062,272022,10394,538,2265,4156,783126,1159,1145686,1196670,465173,265810
560,KARNATAKA,Koppal,1389920,699926,689994,1218024,161770,4081,296,85,2898,472182,1113,917738,855430,330393,202984
561,KARNATAKA,Gadag,1064570,537147,527423,907750,143665,3432,231,79,5993,306138,514,758432,601578,279069,183409
562,KARNATAKA,Dharwad,1847023,937206,909817,1390020,386834,28747,1486,715,29037,428556,823,1418467,1017935,505688,322577
563,KARNATAKA,Uttara Kannada,1437169,726256,710913,1187306,187974,44530,305,12804,3624,277857,697,1159312,742281,412649,281542
564,KARNATAKA,Haveri,1597668,819128,778540,1281878,297927,2406,419,68,9834,383494,535,1214174,904453,426094,266586
565,KARNATAKA,Bellary,2452595,1236954,1215641,2103633,320834,14014,1029,284,8044,787762,1401,1664833,1487013,617276,346905
566,KARNATAKA,Chitradurga,1659456,840843,818613,1520553,128751,3175,322,84,3778,452975,1757,1206481,891230,460057,306412
567,KARNATAKA,Davanagere,1945497,986400,959097,1658465,265805,5420,307,164,6417,467414,2255,1478083,1068518,538551,336173
568,KARNATAKA,Shimoga,1752753,877415,875338,1479424,234664,26521,400,120,9234,355222,764,1397531,913150,513297,325542
569,KARNATAKA,Udupi,1177361,562131,615230,1009179,96740,65838,232,161,4534,204028,659,973333,559565,340903,276234
570,KARNATAKA,Chikmagalur,1137961,566622,571339,1004553,101235,26000,182,109,4710,204371,723,933590,564994,341380,230864
571,KARNATAKA,Tumkur,2678980,1350594,1328386,2413812,245923,9130,477,187,5067,686274,2387,1992706,1351461,760936,564196
572,KARNATAKA,Bangalore,9621551,5022661,4598890,7725070,1248294,504863,13254,5531,83090,1304048,12115,8317503,5275666,2909575,1424195
573,KARNATAKA,Mandya,1805769,905085,900684,1712695,77801,8506,322,299,3607,504734,1126,1301035,902307,527236,375100
574,KARNATAKA,Hassan,1776421,883667,892754,1630814,120011,15611,289,623,5820,401227,1124,1375194,877340,522039,375918
575,KARNATAKA,Dakshina Kannada,2089649,1034714,1054935,1403854,501896,171398,525,445,10397,298846,880,1790803,1072417,608450,407902
576,KARNATAKA,Kodagu,554519,274608,279911,448986,87274,17130,139,126,250,91352,322,463167,276918,163360,113919
577,KARNATAKA,Mysore,3001127,1511600,1489527,2631985,290549,39361,1255,16194,14419,747237,2086,2253890,1580116,865220,553705
578,KARNATAKA,Chamarajanagar,1020791,512231,508560,942071,47210,22183,136,4872,761,401643,839,619148,519046,294903,206003
579,KARNATAKA,Gulbarga,2566326,1301755,1264571,2011014,513125,8344,826,9589,4865,883704,2007,1682622,1570719,604665,388935
580,KARNATAKA,Yadgir,1174271,590329,583942,997974,155340,8677,331,7970,1519,579042,412,595229,738451,267222,168186
581,KARNATAKA,Kolar,1536401,776396,760005,1305431,199873,26722,253,150,2494,399089,1282,1137312,841499,419380,274240
582,KARNATAKA,Chikkaballapura,1255104,636437,618667,1100131,147810,4684,264,85,975,380402,1490,874702,666451,350299,236864
583,KARNATAKA,Bangalore Rural,990923,509172,481751,890429,92252,5368,389,272,1045,205062,922,785861,535765,278153,176083
584,KARNATAKA,Ramanagara,1082636,548008,534628,959260,114311,6390,383,104,859,324721,1439,757915,559082,297330,224785
585,GOA,North Goa,818008,416677,401331,622213,57941,134169,618,553,546,99538,1514,718470,380926,260533,175035
586,GOA,South Goa,640537,322463,318074,341664,63623,231961,855,542,563,88577,580,551960,314480,194872,130605
587,LAKSHADWEEP,Lakshadweep,64473,33123,31350,1788,62268,317,8,10,11,5953,115,58520,33877,19244,11237
588,KERALA,Kasaragod,1307375,628613,678762,729987,486913,87454,151,362,130,212905,1754,1094470,688763,369883,246975
589,KERALA,Kannur,2523003,1181446,1341557,1509592,742483,262526,424,1118,193,279352,5761,2243651,1187177,741984,588081
590,KERALA,Wayanad,817420,401684,415736,404460,234185,174453,61,312,1797,131211,698,686209,412806,246590,157326
591,KERALA,Kozhikode,3086293,1470942,1615351,1734958,1211131,131516,297,235,601,335520,2959,2750773,1487644,909581,686109
592,KERALA,Malappuram,4112920,1960328,2152592,1135259,2888849,81556,205,179,68,622345,3243,3490575,2406005,1041361,662311
593,KERALA,Palakkad,2809934,1359478,1450456,1875980,812936,114397,220,238,78,439934,3135,2370000,1395222,802611,608966
594,KERALA,Thrissur,3121200,1480763,1640437,1823442,532839,757484,259,278,62,307665,2963,2813535,1394214,931841,792182
595,KERALA,Ernakulam,3282388,1619557,1662831,1509557,514397,1248137,860,614,1176,268315,2690,3014073,1396968,1024720,858010
596,KERALA,Idukki,1108974,552808,556166,541854,82206,481507,100,189,44,126589,884,982385,494456,352163,261471
597,KERALA,Kottayam,1974551,968289,1006262,983598,126499,858608,204,358,83,134393,1548,1840158,811653,596302,565048
598,KERALA,Alappuzha,2127789,1013142,1114647,1460447,224545,435056,268,146,74,163991,2164,1963798,891512,648522,585591
599,KERALA,Pathanamthitta,1197412,561716,635696,681666,55074,456404,153,150,44,71053,1157,1126359,479207,346161,370887
600,KERALA,Kollam,2635375,1246968,1388407,1697635,508500,421598,208,272,63,231286,1806,2404089,1177359,795245,660965
601,KERALA,Thiruvananthapuram,3301427,1581678,1719749,2194057,452915,630573,404,301,76,309042,3724,2992385,1488441,989238,820024
602,TAMIL NADU,Thiruvallur,3728104,1876062,1852042,3325823,143093,233633,1422,951,3693,610048,4419,3118056,1925296,1154775,643614
603,TAMIL NADU,Chennai,4646732,2335844,2310888,3751322,439270,358662,2851,2804,51708,419065,6894,4227667,2271657,1468902,899279
604,TAMIL NADU,Kancheepuram,3998252,2012958,1985294,3537399,173785,256762,1620,990,4962,678374,5581,3319878,2076492,1200284,715895
605,TAMIL NADU,Vellore,3936331,1961688,1974643,3397857,414760,111390,676,438,3514,891430,3068,3044901,2096113,1116437,720713
606,TAMIL NADU,Tiruvannamalai,2464875,1235889,1228986,2294369,91636,66987,232,157,7898,672427,1956,1792448,1301347,683904,477668
607,TAMIL NADU,Viluppuram,3458873,1740819,1718054,3174941,133896,138279,325,238,4032,999902,3476,2458971,1881463,949892,624042
608,TAMIL NADU,Salem,3482056,1781571,1700485,3326357,95487,53841,412,174,992,955045,1938,2527011,1737345,1029479,713294
609,TAMIL NADU,Namakkal,1726601,869280,857321,1673652,32483,16909,183,108,84,388418,1219,1338183,817905,510413,397064
610,TAMIL NADU,Erode,2251744,1129868,1121876,2115455,76098,55899,435,148,639,608003,1580,1643741,1006543,701326,542295
611,TAMIL NADU,The Nilgiris,735394,360143,375251,569477,78452,84610,338,382,910,114497,623,620897,352516,231451,150804
612,TAMIL NADU,Dindigul,2159775,1080938,1078837,1879494,105012,169945,313,256,71,480681,2707,1679094,1065734,647806,443528
613,TAMIL NADU,Karur,1064493,528184,536309,993666,53292,16483,115,29,7,276930,420,787563,501585,320645,241843
614,TAMIL NADU,Tiruchirappalli,2722290,1352284,1370006,2279413,190964,246156,324,250,628,401149,2411,2321141,1346661,797258,575960
615,TAMIL NADU,Perambalur,565223,282157,283066,521658,32702,10301,83,39,38,109011,483,456212,291371,158218,115151
616,TAMIL NADU,Ariyalur,754894,374703,380191,708397,7942,37403,104,88,65,233438,536,521456,380484,216103,157771
617,TAMIL NADU,Cuddalore,2605914,1311697,1294217,2391675,123749,83334,401,236,1280,634041,3217,1971873,1364411,764669,473617
618,TAMIL NADU,Nagapattinam,1616450,798127,818323,1435072,128617,47579,184,450,963,253572,974,1362878,828444,463326,323706
619,TAMIL NADU,Thiruvarur,1264277,626693,637584,1132785,96092,33192,258,151,279,175564,2163,1088713,627880,377118,257116
620,TAMIL NADU,Thanjavur,2405890,1182416,1223474,2075870,190814,133971,231,795,1256,461123,1543,1944767,1193095,712017,499235
621,TAMIL NADU,Pudukkottai,1618345,803188,815157,1428784,114194,72850,119,81,32,447346,889,1170999,835853,470428,311175
622,TAMIL NADU,Sivaganga,1339101,668672,670429,1186078,74310,75481,150,80,109,311112,1065,1027989,666218,391356,280462
623,TAMIL NADU,Madurai,3038252,1526475,1511777,2760502,168881,97711,520,199,1532,449125,2532,2589127,1528178,913715,593827
624,TAMIL NADU,Theni,1245899,625683,620216,1148990,56751,37574,152,79,28,270738,1145,975161,618923,373564,252267
625,TAMIL NADU,Virudhunagar,1942288,967709,974579,1822626,47838,67405,245,87,98,403246,1570,1539042,987538,575006,378174
626,TAMIL NADU,Ramanathapuram,1353445,682658,670787,1047411,208038,91139,154,86,29,107292,2471,1246153,708322,389764,252888
627,TAMIL NADU,Thoothukkudi,1750176,865021,885155,1373920,80740,291908,127,286,53,265032,1708,1485144,887717,499377,361374
628,TAMIL NADU,Tirunelveli,3077233,1520912,1556321,2425630,303368,342254,268,373,144,621010,2264,2456223,1554277,876129,644563
629,TAMIL NADU,Kanniyakumari,1870374,926345,944029,909872,78590,876299,160,438,156,210901,925,1659473,887052,556548,425849
630,TAMIL NADU,Dharmapuri,1506843,774303,732540,1452956,38304,14089,164,39,37,512824,793,994019,804186,434328,267536
631,TAMIL NADU,Krishnagiri,1879809,960232,919577,1723737,115303,35956,468,121,373,578724,914,1301085,1034474,533183,311238
632,TAMIL NADU,Coimbatore,3458045,1729297,1728748,3044145,211035,190314,1112,435,3284,519919,3569,2938126,1579517,1117221,757738
633,TAMIL NADU,Tiruppur,2479052,1246159,1232893,2278835,123983,70015,455,198,371,552447,1752,1926605,1177987,794639,504674
634,PONDICHERRY,Yanam,55626,27301,28325,53537,1191,873,3,1,4,14923,16,40703,31973,15235,8402
635,PONDICHERRY,PONDICHERRY,950289,468258,482031,855294,32674,58328,245,366,1328,146861,634,803428,473705,299746,176204
636,PONDICHERRY,Mahe,41816,19143,22673,27940,12856,958,3,21,14,2993,85,38823,19760,12543,9428
637,PONDICHERRY,Karaikal,200222,97809,102413,152638,28835,18391,46,63,54,32717,366,167505,102333,60089,37434
638,ANDAMAN AND NICOBAR ISLANDS,Nicobars,36842,20727,16115,8681,1336,26077,343,119,0,9781,46,27061,18786,12088,5922
639,ANDAMAN AND NICOBAR ISLANDS,North  AND Middle Andaman,105597,54861,50736,81163,2165,21870,77,84,4,22422,42,83175,57350,30741,17464
640,ANDAMAN AND NICOBAR ISLANDS,South Andaman,238142,127283,110859,174452,28912,33037,866,135,27,36289,280,201853,128402,76332,33128
